Customer ID,Customer Name,Email ID,Address
CG-12520,Claire Gute,claire_gute@example.com,"Henderson, Kentucky"
DV-13045,Darrin Van Huff,darrin_huff@example.com,"Los Angeles, California"
SO-20335,Sean O'Donnell,sean_o'donnell@example.com,"Fort Lauderdale, Florida"
BH-11710,Brosina Hoffman,brosina_hoffman@example.com,"Los Angeles, California"
AA-10480,Andrew Allen,andrew_allen@example.com,"Concord, North Carolina"
IM-15070,Irene Maddox,irene_maddox@example.com,"Seattle, Washington"
HP-14815,Harold Pawlan,harold_pawlan@example.com,"Fort Worth, Texas"
PK-19075,Pete Kriz,pete_kriz@example.com,"Madison, Wisconsin"
AG-10270,Alejandro Grove,alejandro_grove@example.com,"West Jordan, Utah"
ZD-21925,Zuschuss Donatelli,zuschuss_donatelli@example.com,"San Francisco, California"
KB-16585,Ken Black,ken_black@example.com,"Fremont, Nebraska"
SF-20065,Sandra Flanagan,sandra_flanagan@example.com,"Philadelphia, Pennsylvania"
EB-13870,Emily Burns,emily_burns@example.com,"Orem, Utah"
EH-13945,Eric Hoffmann,eric_hoffmann@example.com,"Los Angeles, California"
TB-21520,Tracy Blumstein,tracy_blumstein@example.com,"Philadelphia, Pennsylvania"
MA-17560,Matt Abelman,matt_abelman@example.com,"Houston, Texas"
GH-14485,Gene Hale,gene_hale@example.com,"Richardson, Texas"
SN-20710,Steve Nguyen,steve_nguyen@example.com,"Houston, Texas"
LC-16930,Linda Cazamias,linda_cazamias@example.com,"Naperville, Illinois"
RA-19885,Ruben Ausman,ruben_ausman@example.com,"Los Angeles, California"
ES-14080,Erin Smith,erin_smith@example.com,"Melbourne, Florida"
ON-18715,Odella Nelson,odella_nelson@example.com,"Eagan, Minnesota"
PO-18865,Patrick O'Donnell,patrick_o'donnell@example.com,"Westland, Michigan"
LH-16900,Lena Hernandez,lena_hernandez@example.com,"Dover, Delaware"
DP-13000,Darren Powers,darren_powers@example.com,"New Albany, Indiana"
JM-15265,Janet Molinari,janet_molinari@example.com,"New York City, New York"
TB-21055,Ted Butterfield,ted_butterfield@example.com,"Troy, New York"
KM-16720,Kunst Miller,kunst_miller@example.com,"Los Angeles, California"
PS-18970,Paul Stevenson,paul_stevenson@example.com,"Chicago, Illinois"
BS-11590,Brendan Sweed,brendan_sweed@example.com,"Gilbert, Arizona"
KD-16270,Karen Daniels,karen_daniels@example.com,"Springfield, Virginia"
HM-14980,Henry MacAllister,henry_macallister@example.com,"New York City, New York"
JE-15745,Joel Eaton,joel_eaton@example.com,"Memphis, Tennessee"
KB-16600,Ken Brennan,ken_brennan@example.com,"Houston, Texas"
SC-20770,Stewart Carmichael,stewart_carmichael@example.com,"Decatur, Alabama"
DN-13690,Duane Noonan,duane_noonan@example.com,"San Francisco, California"
JC-16105,Julie Creighton,julie_creighton@example.com,"Durham, North Carolina"
CS-12400,Christopher Schild,christopher_schild@example.com,"Chicago, Illinois"
PG-18895,Paul Gonzalez,paul_gonzalez@example.com,"Rochester, Minnesota"
GM-14455,Gary Mitchum,gary_mitchum@example.com,"Houston, Texas"
JS-15685,Jim Sink,jim_sink@example.com,"Los Angeles, California"
KB-16315,Karl Braun,karl_braun@example.com,"Minneapolis, Minnesota"
RB-19705,Roger Barcio,roger_barcio@example.com,"Portland, Oregon"
PN-18775,Parhena Norris,parhena_norris@example.com,"New York City, New York"
KD-16345,Katherine Ducich,katherine_ducich@example.com,"San Francisco, California"
ER-13855,Elpida Rittenbach,elpida_rittenbach@example.com,"Saint Paul, Minnesota"
RB-19465,Rick Bensley,rick_bensley@example.com,"Chicago, Illinois"
GZ-14470,Gary Zandusky,gary_zandusky@example.com,"Rochester, Minnesota"
LC-16870,Lena Cacioppo,lena_cacioppo@example.com,"Aurora, Colorado"
JM-15250,Janet Martin,janet_martin@example.com,"Charlotte, North Carolina"
PA-19060,Pete Armstrong,pete_armstrong@example.com,"Orland Park, Illinois"
CV-12805,Cynthia Voltz,cynthia_voltz@example.com,"New York City, New York"
CL-12565,Clay Ludtke,clay_ludtke@example.com,"Urbandale, Iowa"
RC-19960,Ryan Crowe,ryan_crowe@example.com,"Columbus, Ohio"
DK-13090,Dave Kipp,dave_kipp@example.com,"Seattle, Washington"
GG-14650,Greg Guthrie,greg_guthrie@example.com,"Bristol, Tennessee"
SC-20725,Steven Cartwright,steven_cartwright@example.com,"Wilmington, Delaware"
AD-10180,Alan Dominguez,alan_dominguez@example.com,"Houston, Texas"
PF-19165,Philip Fox,philip_fox@example.com,"Bloomington, Illinois"
TS-21610,Troy Staebel,troy_staebel@example.com,"Phoenix, Arizona"
LS-16975,Lindsay Shagiari,lindsay_shagiari@example.com,"Los Angeles, California"
DW-13585,Dorothy Wardle,dorothy_wardle@example.com,"Columbus, Ohio"
LC-16885,Lena Creighton,lena_creighton@example.com,"Roseville, California"
JD-15895,Jonathan Doherty,jonathan_doherty@example.com,"Philadelphia, Pennsylvania"
SH-19975,Sally Hughsby,sally_hughsby@example.com,"San Francisco, California"
SG-20080,Sandra Glassco,sandra_glassco@example.com,"Independence, Missouri"
HA-14920,Helen Andreada,helen_andreada@example.com,"Pasadena, California"
MG-17680,Maureen Gastineau,maureen_gastineau@example.com,"Newark, Ohio"
JE-16165,Justin Ellison,justin_ellison@example.com,"Franklin, Wisconsin"
TW-21025,Tamara Willingham,tamara_willingham@example.com,"Scottsdale, Arizona"
SP-20650,Stephanie Phelps,stephanie_phelps@example.com,"San Jose, California"
NK-18490,Neil Knudson,neil_knudson@example.com,"Seattle, Washington"
DB-13060,Dave Brooks,dave_brooks@example.com,"Seattle, Washington"
NP-18670,Nora Paige,nora_paige@example.com,"Edmond, Oklahoma"
TT-21070,Ted Trevino,ted_trevino@example.com,"Los Angeles, California"
EM-13960,Eric Murdock,eric_murdock@example.com,"Philadelphia, Pennsylvania"
RD-19900,Ruben Dartt,ruben_dartt@example.com,"Carlsbad, New Mexico"
MJ-17740,Max Jones,max_jones@example.com,"Seattle, Washington"
BM-11140,Becky Martin,becky_martin@example.com,"San Antonio, Texas"
CS-12130,Chad Sievert,chad_sievert@example.com,"Los Angeles, California"
JB-15400,Jennifer Braxton,jennifer_braxton@example.com,"Chicago, Illinois"
SJ-20500,Shirley Jackson,shirley_jackson@example.com,"Houston, Texas"
JK-15640,Jim Kriz,jim_kriz@example.com,"New York City, New York"
DK-13150,David Kendrick,david_kendrick@example.com,"Decatur, Illinois"
RM-19675,Robert Marley,robert_marley@example.com,"Monroe, Louisiana"
SK-19990,Sally Knutson,sally_knutson@example.com,"Fairfield, Connecticut"
FM-14290,Frank Merwin,frank_merwin@example.com,"Los Angeles, California"
AM-10360,Alice McCarthy,alice_mccarthy@example.com,"Grand Prairie, Texas"
MP-17470,Mark Packer,mark_packer@example.com,"New York City, New York"
MZ-17515,Mary Zewe,mary_zewe@example.com,"Redlands, California"
CB-12025,Cassandra Brandow,cassandra_brandow@example.com,"Hamilton, Ohio"
VM-21685,Valerie Mitchum,valerie_mitchum@example.com,"Westfield, New Jersey"
FH-14365,Fred Hopkins,fred_hopkins@example.com,"Philadelphia, Pennsylvania"
MB-17305,Maria Bertelson,maria_bertelson@example.com,"Akron, Ohio"
BS-11755,Bruce Stewart,bruce_stewart@example.com,"Denver, Colorado"
LC-17140,Logan Currie,logan_currie@example.com,"Dallas, Texas"
HK-14890,Heather Kirkland,heather_kirkland@example.com,"Franklin, Tennessee"
LE-16810,Laurel Elliston,laurel_elliston@example.com,"Whittier, California"
JH-15985,Joseph Holt,joseph_holt@example.com,"Saginaw, Michigan"
MS-17980,Michael Stewart,michael_stewart@example.com,"Dallas, Texas"
VW-21775,Victoria Wilson,victoria_wilson@example.com,"Medina, Ohio"
JH-15910,Jonathan Howell,jonathan_howell@example.com,"Los Angeles, California"
JB-15925,Joni Blumstein,joni_blumstein@example.com,"Dublin, Ohio"
DS-13180,David Smith,david_smith@example.com,"Detroit, Michigan"
VD-21670,Valerie Dominguez,valerie_dominguez@example.com,"Columbia, Tennessee"
EA-14035,Erin Ashbrook,erin_ashbrook@example.com,"Charlotte, North Carolina"
DB-13120,David Bremer,david_bremer@example.com,"Santa Clara, California"
KL-16645,Ken Lonsdale,ken_lonsdale@example.com,"Chicago, Illinois"
DW-13480,Dianna Wilson,dianna_wilson@example.com,"Lakeville, Minnesota"
LH-17155,Logan Haushalter,logan_haushalter@example.com,"San Francisco, California"
KC-16540,Kelly Collister,kelly_collister@example.com,"San Diego, California"
DL-13315,Delfina Latchford,delfina_latchford@example.com,"New York City, New York"
DR-12880,Dan Reichenbach,dan_reichenbach@example.com,"Chicago, Illinois"
CC-12670,Craig Carreira,craig_carreira@example.com,"New York City, New York"
Dl-13600,Dorris liebe,dorris_liebe@example.com,"Pasadena, Texas"
SB-20290,Sean Braxton,sean_braxton@example.com,"Houston, Texas"
RC-19825,Roy Collins,roy_collins@example.com,"Chicago, Illinois"
AH-10210,Alan Hwang,alan_hwang@example.com,"Brentwood, California"
CB-12535,Claudia Bergmann,claudia_bergmann@example.com,"Chapel Hill, North Carolina"
CA-12310,Christine Abelman,christine_abelman@example.com,"Cincinnati, Ohio"
KH-16690,Kristen Hastings,kristen_hastings@example.com,"San Francisco, California"
BB-10990,Barry Blumstein,barry_blumstein@example.com,"Inglewood, California"
AG-10495,Andrew Gjertsen,andrew_gjertsen@example.com,"Philadelphia, Pennsylvania"
JO-15280,Jas O'Carroll,jas_o'carroll@example.com,"Los Angeles, California"
AH-10195,Alan Haines,alan_haines@example.com,"Tamarac, Florida"
NZ-18565,Nick Zandusky,nick_zandusky@example.com,"Columbus, Ohio"
KL-16555,Kelly Lampkin,kelly_lampkin@example.com,"Colorado Springs, Colorado"
AS-10225,Alan Schoenberger,alan_schoenberger@example.com,"New York City, New York"
CR-12625,Corey Roper,corey_roper@example.com,"Lakewood, New Jersey"
SH-20395,Shahid Hopkins,shahid_hopkins@example.com,"Arlington, Virginia"
BP-11185,Ben Peterman,ben_peterman@example.com,"Arvada, Colorado"
TS-21205,Thomas Seio,thomas_seio@example.com,"Hackensack, New Jersey"
AG-10525,Andy Gerbode,andy_gerbode@example.com,"Saint Petersburg, Florida"
SP-20860,Sung Pak,sung_pak@example.com,"Philadelphia, Pennsylvania"
NM-18445,Nathan Mautz,nathan_mautz@example.com,"New York City, New York"
FA-14230,Frank Atkinson,frank_atkinson@example.com,"Long Beach, California"
GK-14620,Grace Kelly,grace_kelly@example.com,"Hesperia, California"
DJ-13510,Don Jones,don_jones@example.com,"Murfreesboro, Tennessee"
PO-18850,Patrick O'Brill,patrick_o'brill@example.com,"Philadelphia, Pennsylvania"
JL-15850,John Lucas,john_lucas@example.com,"Philadelphia, Pennsylvania"
DB-13615,Doug Bickford,doug_bickford@example.com,"Los Angeles, California"
AC-10420,Alyssa Crouse,alyssa_crouse@example.com,"San Francisco, California"
CC-12550,Clay Cheatham,clay_cheatham@example.com,"San Francisco, California"
TD-20995,Tamara Dahlen,tamara_dahlen@example.com,"Lowell, Massachusetts"
AB-10060,Adam Bellavance,adam_bellavance@example.com,"New York City, New York"
JL-15505,Jeremy Lonsdale,jeremy_lonsdale@example.com,"New York City, New York"
VB-21745,Victoria Brennan,victoria_brennan@example.com,"Columbus, Georgia"
KW-16435,Katrina Willman,katrina_willman@example.com,"New York City, New York"
JD-16060,Julia Dunbar,julia_dunbar@example.com,"San Francisco, California"
MK-17905,Michael Kennedy,michael_kennedy@example.com,"Manchester, Connecticut"
GT-14755,Guy Thornton,guy_thornton@example.com,"Harlingen, Texas"
AG-10900,Arthur Gainer,arthur_gainer@example.com,"Tucson, Arizona"
MM-18280,Muhammed MacIntyre,muhammed_macintyre@example.com,"Quincy, Illinois"
AR-10405,Allen Rosenblatt,allen_rosenblatt@example.com,"Franklin, Massachusetts"
RA-19915,Russell Applegate,russell_applegate@example.com,"Houston, Texas"
AS-10285,Alejandro Savely,alejandro_savely@example.com,"San Francisco, California"
LA-16780,Laura Armstrong,laura_armstrong@example.com,"Taylor, Michigan"
DO-13435,Denny Ordway,denny_ordway@example.com,"Pembroke Pines, Florida"
DK-13225,Dean Katz,dean_katz@example.com,"Philadelphia, Pennsylvania"
NG-18430,Nathan Gelder,nathan_gelder@example.com,"Cincinnati, Ohio"
MV-18190,Mike Vittorini,mike_vittorini@example.com,"New York City, New York"
JG-15115,Jack Garza,jack_garza@example.com,"Des Moines, Washington"
BP-11095,Bart Pistole,bart_pistole@example.com,"Peoria, Illinois"
VP-21730,Victor Preis,victor_preis@example.com,"Las Vegas, Nevada"
SS-20140,Saphhira Shifley,saphhira_shifley@example.com,"Warwick, Rhode Island"
AG-10675,Anna Gayman,anna_gayman@example.com,"Houston, Texas"
LF-17185,Luke Foster,luke_foster@example.com,"Miami, Florida"
RF-19840,Roy FranzÃ¶sisch,roy_franzã¶sisch@example.com,"New York City, New York"
KH-16510,Keith Herrera,keith_herrera@example.com,"San Francisco, California"
KC-16675,Kimberly Carter,kimberly_carter@example.com,"Seattle, Washington"
CJ-12010,Caroline Jumper,caroline_jumper@example.com,"Huntington Beach, California"
PB-19150,Philip Brown,philip_brown@example.com,"Los Angeles, California"
MP-17965,Michael Paige,michael_paige@example.com,"Lawrence, Massachusetts"
NF-18385,Natalie Fritzler,natalie_fritzler@example.com,"Jackson, Mississippi"
SD-20485,Shirley Daniels,shirley_daniels@example.com,"New Rochelle, New York"
KH-16630,Ken Heidel,ken_heidel@example.com,"San Antonio, Texas"
RB-19795,Ross Baird,ross_baird@example.com,"Gastonia, North Carolina"
MK-18160,Mike Kennedy,mike_kennedy@example.com,"Jacksonville, Florida"
PO-19180,Philisse Overcash,philisse_overcash@example.com,"Chicago, Illinois"
BB-11545,Brenda Bowman,brenda_bowman@example.com,"Houston, Texas"
TB-21595,Troy Blackwell,troy_blackwell@example.com,"Columbus, Indiana"
RB-19360,Raymond Buch,raymond_buch@example.com,"Auburn, New York"
EB-13705,Ed Braxton,ed_braxton@example.com,"Akron, Ohio"
SC-20095,Sanjit Chand,sanjit_chand@example.com,"Concord, California"
TN-21040,Tanja Norvell,tanja_norvell@example.com,"Phoenix, Arizona"
JS-15940,Joni Sundaresam,joni_sundaresam@example.com,"Park Ridge, Illinois"
MH-17785,Maya Herman,maya_herman@example.com,"Lindenhurst, New York"
JP-15520,Jeremy Pistek,jeremy_pistek@example.com,"San Francisco, California"
JE-15475,Jeremy Ellison,jeremy_ellison@example.com,"Troy, New York"
JG-15805,John Grady,john_grady@example.com,"New York City, New York"
XP-21865,Xylona Preis,xylona_preis@example.com,"San Diego, California"
EM-14065,Erin Mull,erin_mull@example.com,"New York City, New York"
MT-18070,Michelle Tran,michelle_tran@example.com,"Los Angeles, California"
SA-20830,Sue Ann Reed,sue_reed@example.com,"Chicago, Illinois"
CW-11905,Carl Weiss,carl_weiss@example.com,"Huntsville, Texas"
AJ-10960,Astrea Jones,astrea_jones@example.com,"Rochester, New York"
SS-20590,Sonia Sunley,sonia_sunley@example.com,"Seattle, Washington"
RO-19780,Rose O'Brian,rose_o'brian@example.com,"Memphis, Tennessee"
MD-17350,Maribeth Dona,maribeth_dona@example.com,"Fayetteville, Arkansas"
MY-17380,Maribeth Yedwab,maribeth_yedwab@example.com,"Parker, Colorado"
CM-12385,Christopher Martinez,christopher_martinez@example.com,"Atlanta, Georgia"
LS-17245,Lynn Smith,lynn_smith@example.com,"Gladstone, Missouri"
BN-11515,Bradley Nguyen,bradley_nguyen@example.com,"Los Angeles, California"
DB-13210,Dean Braden,dean_braden@example.com,"Houston, Texas"
MC-17605,Matt Connell,matt_connell@example.com,"Detroit, Michigan"
BD-11605,Brian Dahlen,brian_dahlen@example.com,"Lawrence, Massachusetts"
PH-18790,Patricia Hirasaki,patricia_hirasaki@example.com,"Lakeland, Florida"
MG-18145,Mike Gockenbach,mike_gockenbach@example.com,"Philadelphia, Pennsylvania"
KB-16240,Karen Bern,karen_bern@example.com,"Los Angeles, California"
JC-15340,Jasper Cacioppo,jasper_cacioppo@example.com,"Los Angeles, California"
RL-19615,Rob Lucas,rob_lucas@example.com,"Montgomery, Alabama"
AA-10375,Allen Armold,allen_armold@example.com,"Mesa, Arizona"
EP-13915,Emily Phan,emily_phan@example.com,"Chicago, Illinois"
DK-12985,Darren Koutras,darren_koutras@example.com,"Henderson, Kentucky"
BD-11500,Bradley Drucker,bradley_drucker@example.com,"Green Bay, Wisconsin"
LM-17065,Liz MacKendrick,liz_mackendrick@example.com,"Springfield, Ohio"
AS-10135,Adrian Shami,adrian_shami@example.com,"New York City, New York"
BD-11320,Bill Donatelli,bill_donatelli@example.com,"San Francisco, California"
GT-14710,Greg Tran,greg_tran@example.com,"Houston, Texas"
AJ-10945,Ashley Jarboe,ashley_jarboe@example.com,"Wilmington, North Carolina"
OT-18730,Olvera Toch,olvera_toch@example.com,"Los Angeles, California"
LP-17080,Liz Pelletier,liz_pelletier@example.com,"San Francisco, California"
CA-12775,Cynthia Arntzen,cynthia_arntzen@example.com,"Tampa, Florida"
JF-15490,Jeremy Farry,jeremy_farry@example.com,"Seattle, Washington"
FP-14320,Frank Preis,frank_preis@example.com,"Los Angeles, California"
EB-13840,Ellis Ballard,ellis_ballard@example.com,"Seattle, Washington"
JF-15415,Jennifer Ferguson,jennifer_ferguson@example.com,"New York City, New York"
SF-20200,Sarah Foster,sarah_foster@example.com,"Marysville, Washington"
TG-21640,Trudy Glocke,trudy_glocke@example.com,"Long Beach, California"
CS-11950,Carlos Soltero,carlos_soltero@example.com,"Chicago, Illinois"
CC-12145,Charles Crestani,charles_crestani@example.com,"Los Angeles, California"
DV-13465,Dianna Vittorini,dianna_vittorini@example.com,"Denver, Colorado"
BD-11725,Bruce Degenhardt,bruce_degenhardt@example.com,"Richmond, Kentucky"
ZC-21910,Zuschuss Carroll,zuschuss_carroll@example.com,"Salem, Oregon"
MS-17830,Melanie Seite,melanie_seite@example.com,"Laredo, Texas"
LR-16915,Lena Radford,lena_radford@example.com,"San Diego, California"
TP-21130,Theone Pippenger,theone_pippenger@example.com,"Philadelphia, Pennsylvania"
CK-12205,Chloris Kastensmidt,chloris_kastensmidt@example.com,"Philadelphia, Pennsylvania"
AS-10240,Alan Shonely,alan_shonely@example.com,"Tampa, Florida"
AR-10510,Andrew Roberts,andrew_roberts@example.com,"Philadelphia, Pennsylvania"
NB-18655,Nona Balk,nona_balk@example.com,"Dallas, Texas"
GD-14590,Giulietta Dortch,giulietta_dortch@example.com,"Philadelphia, Pennsylvania"
CK-12595,Clytie Kelty,clytie_kelty@example.com,"Grove City, Ohio"
NG-18355,Nat Gilpin,nat_gilpin@example.com,"New York City, New York"
CA-12265,Christina Anderson,christina_anderson@example.com,"Chicago, Illinois"
SF-20965,Sylvia Foulston,sylvia_foulston@example.com,"Dearborn, Michigan"
MO-17800,Meg O'Connel,meg_o'connel@example.com,"New York City, New York"
AT-10735,Annie Thurman,annie_thurman@example.com,"Seattle, Washington"
FM-14380,Fred McMath,fred_mcmath@example.com,"Aurora, Colorado"
DJ-13420,Denny Joy,denny_joy@example.com,"Warner Robins, Georgia"
ME-17725,Max Engle,max_engle@example.com,"Aurora, Colorado"
JD-16150,Justin Deggeller,justin_deggeller@example.com,"Minneapolis, Minnesota"
JL-15835,John Lee,john_lee@example.com,"Mission Viejo, California"
SC-20305,Sean Christensen,sean_christensen@example.com,"Rochester Hills, Michigan"
CC-12430,Chuck Clark,chuck_clark@example.com,"Columbus, Indiana"
AR-10825,Anthony Rawles,anthony_rawles@example.com,"Vancouver, Washington"
SR-20740,Steven Roelle,steven_roelle@example.com,"New York City, New York"
CR-12730,Craig Reiter,craig_reiter@example.com,"Columbus, Ohio"
EH-14125,Eugene Hildebrand,eugene_hildebrand@example.com,"Aurora, Illinois"
SP-20545,Sibella Parks,sibella_parks@example.com,"New York City, New York"
TH-21235,Tiffany House,tiffany_house@example.com,"Dallas, Texas"
RP-19390,Resi PÃ¶lking,resi_pã¶lking@example.com,"Cleveland, Ohio"
RB-19570,Rob Beeghly,rob_beeghly@example.com,"Columbus, Indiana"
CD-11980,Carol Darley,carol_darley@example.com,"Tyler, Texas"
DJ-13630,Doug Jacobs,doug_jacobs@example.com,"New York City, New York"
GT-14635,Grant Thornton,grant_thornton@example.com,"Burlington, North Carolina"
MC-17845,Michael Chen,michael_chen@example.com,"Jackson, Mississippi"
RA-19285,Ralph Arnett,ralph_arnett@example.com,"New York City, New York"
NP-18325,Naresj Patel,naresj_patel@example.com,"Waynesboro, Virginia"
AB-10165,Alan Barnes,alan_barnes@example.com,"Los Angeles, California"
JO-15550,Jesus Ocampo,jesus_ocampo@example.com,"Chester, Pennsylvania"
JK-15370,Jay Kimmel,jay_kimmel@example.com,"Long Beach, California"
BN-11470,Brad Norvell,brad_norvell@example.com,"Cary, North Carolina"
DP-13165,David Philippe,david_philippe@example.com,"New York City, New York"
TH-21550,Tracy Hopkins,tracy_hopkins@example.com,"New York City, New York"
AP-10915,Arthur Prichep,arthur_prichep@example.com,"Palm Coast, Florida"
RS-19765,Roland Schwarz,roland_schwarz@example.com,"Mount Vernon, New York"
SV-20365,Seth Vernon,seth_vernon@example.com,"Dover, Delaware"
CK-12325,Christine Kargatis,christine_kargatis@example.com,"Orem, Utah"
RD-19810,Ross DeVincentis,ross_devincentis@example.com,"Los Angeles, California"
MR-17545,Mathew Reese,mathew_reese@example.com,"Philadelphia, Pennsylvania"
SC-20695,Steve Chapman,steve_chapman@example.com,"Hialeah, Florida"
JF-15355,Jay Fein,jay_fein@example.com,"Austin, Texas"
EG-13900,Emily Grady,emily_grady@example.com,"Oceanside, New York"
DS-13030,Darrin Sayre,darrin_sayre@example.com,"Seattle, Washington"
PO-19195,Phillina Ober,phillina_ober@example.com,"Naperville, Illinois"
SS-20875,Sung Shariari,sung_shariari@example.com,"Dallas, Texas"
PB-19105,Peter BÃ¼hler,peter_bã¼hler@example.com,"Evanston, Illinois"
RF-19735,Roland Fjeld,roland_fjeld@example.com,"Trenton, Michigan"
YC-21895,Yoseph Carroll,yoseph_carroll@example.com,"San Francisco, California"
DC-13285,Debra Catini,debra_catini@example.com,"Cottage Grove, Minnesota"
CP-12340,Christine Phan,christine_phan@example.com,"New York City, New York"
BF-11020,Barry FranzÃ¶sisch,barry_franzã¶sisch@example.com,"Green Bay, Wisconsin"
LH-17020,Lisa Hazard,lisa_hazard@example.com,"Columbus, Ohio"
CS-12250,Chris Selesnick,chris_selesnick@example.com,"Bossier City, Louisiana"
AJ-10795,Anthony Johnson,anthony_johnson@example.com,"Saint Petersburg, Florida"
BV-11245,Benjamin Venier,benjamin_venier@example.com,"Des Moines, Iowa"
DL-12865,Dan Lawera,dan_lawera@example.com,"Cincinnati, Ohio"
BM-11785,Bryan Mills,bryan_mills@example.com,"Columbus, Ohio"
LT-17110,Liz Thompson,liz_thompson@example.com,"Lancaster, California"
JK-15730,Joe Kamberova,joe_kamberova@example.com,"Asheville, North Carolina"
ES-14020,Erica Smith,erica_smith@example.com,"San Francisco, California"
RH-19495,Rick Hansen,rick_hansen@example.com,"Rochester, Minnesota"
CD-11920,Carlos Daly,carlos_daly@example.com,"Lake Elsinore, California"
HW-14935,Helen Wasserman,helen_wasserman@example.com,"San Diego, California"
MC-18130,Mike Caudle,mike_caudle@example.com,"Monroe, Louisiana"
GM-14440,Gary McGarr,gary_mcgarr@example.com,"San Francisco, California"
PJ-19015,Pauline Johnson,pauline_johnson@example.com,"Santa Ana, California"
BW-11110,Bart Watters,bart_watters@example.com,"Milwaukee, Wisconsin"
TR-21325,Toby Ritter,toby_ritter@example.com,"Belleville, New Jersey"
PG-18820,Patrick Gardner,patrick_gardner@example.com,"San Francisco, California"
JL-15175,James Lanier,james_lanier@example.com,"Columbia, Tennessee"
BM-11650,Brian Moss,brian_moss@example.com,"New York City, New York"
EM-14095,Eudokia Martin,eudokia_martin@example.com,"Los Angeles, California"
AF-10885,Art Foster,art_foster@example.com,"Louisville, Kentucky"
GA-14725,Guy Armstrong,guy_armstrong@example.com,"Lorain, Ohio"
CK-12760,Cyma Kinney,cyma_kinney@example.com,"Linden, New Jersey"
DP-13105,Dave Poirier,dave_poirier@example.com,"Salinas, California"
BK-11260,Berenike Kampe,berenike_kampe@example.com,"New York City, New York"
SJ-20125,Sanjit Jacobs,sanjit_jacobs@example.com,"New Brunswick, New Jersey"
CM-12445,Chuck Magee,chuck_magee@example.com,"San Francisco, California"
AJ-10780,Anthony Jacobs,anthony_jacobs@example.com,"Springfield, Virginia"
LS-16945,Linda Southworth,linda_southworth@example.com,"Philadelphia, Pennsylvania"
GP-14740,Guy Phonely,guy_phonely@example.com,"Lancaster, Pennsylvania"
PK-18910,Paul Knutson,paul_knutson@example.com,"Philadelphia, Pennsylvania"
SM-20005,Sally Matthias,sally_matthias@example.com,"New York City, New York"
AG-10765,Anthony Garverick,anthony_garverick@example.com,"Philadelphia, Pennsylvania"
PM-19135,Peter McVee,peter_mcvee@example.com,"Detroit, Michigan"
LL-16840,Lauren Leatherbury,lauren_leatherbury@example.com,"Rochester, New York"
JS-15595,Jill Stevenson,jill_stevenson@example.com,"Los Angeles, California"
EL-13735,Ed Ludwig,ed_ludwig@example.com,"Columbia, Maryland"
PC-18745,Pamela Coakley,pamela_coakley@example.com,"San Francisco, California"
HL-15040,Hunter Lopez,hunter_lopez@example.com,"Houston, Texas"
MS-17365,Maribeth Schnelling,maribeth_schnelling@example.com,"Detroit, Michigan"
GB-14530,George Bell,george_bell@example.com,"Auburn, New York"
JR-16210,Justin Ritter,justin_ritter@example.com,"Springfield, Ohio"
BE-11335,Bill Eplett,bill_eplett@example.com,"Jackson, Michigan"
SC-20050,Sample Company A,sample_a@example.com,"Norwich, Connecticut"
RW-19630,Rob Williams,rob_williams@example.com,"Dallas, Texas"
SE-20110,Sanjit Engle,sanjit_engle@example.com,"New York City, New York"
AH-10075,Adam Hart,adam_hart@example.com,"New York City, New York"
JM-15535,Jessica Myrick,jessica_myrick@example.com,"Philadelphia, Pennsylvania"
JJ-15760,Joel Jenkins,joel_jenkins@example.com,"Springfield, Virginia"
RK-19300,Ralph Kennedy,ralph_kennedy@example.com,"Philadelphia, Pennsylvania"
CG-12040,Catherine Glotzbach,catherine_glotzbach@example.com,"Philadelphia, Pennsylvania"
RP-19270,Rachel Payne,rachel_payne@example.com,"Riverside, California"
KC-16255,Karen Carlisle,karen_carlisle@example.com,"San Francisco, California"
KH-16360,Katherine Hughes,katherine_hughes@example.com,"Philadelphia, Pennsylvania"
GH-14665,Greg Hansen,greg_hansen@example.com,"Round Rock, Texas"
SW-20275,Scott Williamson,scott_williamson@example.com,"Jackson, Mississippi"
JA-15970,Joseph Airdo,joseph_airdo@example.com,"Phoenix, Arizona"
DL-12925,Daniel Lacy,daniel_lacy@example.com,"Oceanside, California"
LW-16990,Lindsay Williams,lindsay_williams@example.com,"San Francisco, California"
TB-21190,Thomas Brumley,thomas_brumley@example.com,"Fayetteville, Arkansas"
BS-11800,Bryan Spruell,bryan_spruell@example.com,"New York City, New York"
RW-19690,Robert Waldorf,robert_waldorf@example.com,"Wilmington, North Carolina"
TZ-21580,Tracy Zic,tracy_zic@example.com,"Louisville, Colorado"
AS-10630,Ann Steele,ann_steele@example.com,"Pasadena, Texas"
TS-21340,Toby Swindell,toby_swindell@example.com,"Houston, Texas"
SL-20155,Sara Luxemburg,sara_luxemburg@example.com,"Jacksonville, Florida"
MW-18235,Mitch Willingham,mitch_willingham@example.com,"Virginia Beach, Virginia"
RD-19585,Rob Dowd,rob_dowd@example.com,"Henderson, Kentucky"
